"","sample","well","depth","h1","h2","h3","h4","h5","h6","h7","h8","h9","h10","h_mean","pw_t1","pw_t2","pw_t3","sw_t1","sw_t2","p_wave","s_wave","dry_mass","subm_mass","sat_mass","bulk_vol","pore_volum","porosity","density","lava_1","lava_2","lava_dist_base","exp_1","exp_2","total_points","comp_quartz","comp_feldspar","comp_lithic","qtz_mono","qtz_poly","qtz_deformed","f_plagio","f_microcline","f_ortoclase","lt_metamorphic","lt_plutonic","lt_vulcanic","lt_sedimentary","por_primary","por_moldic","por_intragranular","por_total","por_IGV","con_float","con_point","con_linear","con_cc","con_sutured","con_tontal","cem_zeolite","cem_qtz","cem_calcite","cem_semctite","cem_ilite","cem_albite","cem_chloriet","cem_ironoxide","cem_gypsum","cem_dolomite","cem_total","gs_silt","gs_vfs","gs_fs","gs_ms","gs_cs","gs_vcs","gs_sorting","gm_high_sphericity","gm_low_sphericity","gm_angular","gm_subangular","gm_subrounded","gm_rounded","lava_1_base","lava_1_top","lava_2_base","lava_2_top","dis_1_top","dis_1_base","dis_2_top","dis_2_base","dis_l1","dis_l2","distance"
"1","RB-01","TG-27",1.25,25.98,26.86,25.7,26.56,25.46,25.93,26.62,25.28,26.45,26.48,26.132,4.78,4.68,NA,7.38,7.33,5.52,3.55,50.45,29.35,50.5,21.15,0.05,0.24,2.39,97,NA,89.7,7.4,NA,NA,NA,NA,NA,NA,NA,NA,NA,NA,NA,NA,NA,NA,NA,NA,NA,NA,NA,NA,NA,NA,NA,NA,NA,NA,NA,NA,NA,NA,NA,NA,NA,NA,NA,NA,NA,NA,NA,NA,NA,NA,NA,NA,NA,NA,NA,NA,NA,NA,97,89.6,NA,NA,88.35,-95.75,NA,NA,88.35,NA,88.35
"2","RB-02","TG-27",1.9,44.92,44.93,45.04,44.94,44.78,44.8,44.88,44.92,45.03,44.89,44.913,13.63,13.93,NA,18.63,18.83,3.26,2.4,52.1,31.81,55.33,23.52,3.23,13.73,2.22,97,NA,89.7,7.4,NA,NA,NA,NA,NA,NA,NA,NA,NA,NA,NA,NA,NA,NA,NA,NA,NA,NA,NA,NA,NA,NA,NA,NA,NA,NA,NA,NA,NA,NA,NA,NA,NA,NA,NA,NA,NA,NA,NA,NA,NA,NA,NA,NA,NA,NA,NA,NA,NA,NA,97,89.6,NA,NA,87.7,-95.1,NA,NA,87.7,NA,87.7
"3","RB-03","TG-27",2.9,44.04,43.49,43.5,42.96,42.76,43.45,43.58,43.44,43.56,43.71,43.449,13.53,12.73,NA,15.93,15.63,3.31,2.75,35.26,26.5,37.76,11.26,2.5,22.2,3.13,97,NA,89.7,7.4,NA,356,64.4736842105263,21.7105263157895,13.8157894736842,93.3673469387755,0.510204081632653,6.12244897959184,43.5483870967742,53.2258064516129,3.2258064516129,5.12820512820513,76.9230769230769,15.3846153846154,2.56410256410256,16.0112359550562,0.280898876404494,4.7752808988764,21.0674157303371,23.5955056179775,0.213903743315508,28.4491978609626,42.8877005347594,21.283422459893,7.16577540106952,100,0,0,2,5,0,0,0,2,0,0,9,4.10958904109589,8.9041095890411,21.9178082191781,28.0821917808219,33.5616438356164,3.42465753424658,1.204,53.6231884057971,46.3768115942029,24.0875912408759,18.2481751824818,39.4160583941606,18.2481751824818,97,89.6,NA,NA,86.7,-94.1,NA,NA,86.7,NA,86.7
"4","RB-04","TG-27",3.9,47.45,46.67,46.45,46.14,46.52,47.06,47.43,48.79,47.82,47.68,47.201,13.68,13.73,NA,16.23,16.93,3.44,2.85,54.56,34.03,58.86,24.83,4.3,17.32,2.2,97,NA,89.7,7.4,NA,NA,NA,NA,NA,NA,NA,NA,NA,NA,NA,NA,NA,NA,NA,NA,NA,NA,NA,NA,NA,NA,NA,NA,NA,NA,NA,NA,NA,NA,NA,NA,NA,NA,NA,NA,NA,NA,NA,NA,NA,NA,NA,NA,NA,NA,NA,NA,NA,NA,97,89.6,NA,NA,85.7,-93.1,NA,NA,85.7,NA,85.7
"5","RB-05","TG-27",4.9,45.59,45.43,45.28,45.34,45.3,45.24,45.2,45.25,45.28,45.36,45.327,13.48,12.58,NA,14.23,14.23,3.48,3.19,56.21,35.5,59.39,23.89,3.18,13.31,2.35,97,NA,89.7,7.4,NA,NA,NA,NA,NA,NA,NA,NA,NA,NA,NA,NA,NA,NA,NA,NA,NA,NA,NA,NA,NA,NA,NA,NA,NA,NA,NA,NA,NA,NA,NA,NA,NA,NA,NA,NA,NA,NA,NA,NA,NA,NA,NA,NA,NA,NA,NA,NA,NA,NA,97,89.6,NA,NA,84.7,-92.1,NA,NA,84.7,NA,84.7
"6","RB-00","TG-27",89.5,46.04,45.92,45.61,45.21,45.32,46.06,45.98,46.02,45.97,44.95,45.708,10.57,10.53,NA,12.93,13.23,4.33,3.49,61.55,37.05,62.14,25.09,0.59,2.35,2.45,97,NA,89.7,7.4,NA,300,59.9221789883268,22.9571984435798,17.1206225680934,90.9090909090909,1.94805194805195,7.14285714285714,46,52,2,13.6363636363636,50,27.2727272727273,9.09090909090909,0,0,0.333333333333333,0.333333333333333,22,0.371057513914657,19.2949907235622,48.7940630797774,26.1595547309833,5.38033395176252,100,0,1,0,0,0,0,5,3,0,56,65,10.1351351351351,16.2162162162162,27.027027027027,24.3243243243243,18.2432432432432,4.05405405405405,1.649,58.6466165413534,41.3533834586466,18.0451127819549,30.8270676691729,24.0601503759398,27.0676691729323,97,89.6,NA,NA,0.0999999999999943,-7.5,NA,NA,0.0999999999999943,NA,0.0999999999999943
"7","RB-06","TG-27",97.2,66.27,66.45,66.88,66.22,66.24,66.12,66.27,66.2,66.38,66.3,66.333,14.38,14.38,NA,22.43,21.03,4.61,3.05,51.81,31.66,53.45,21.79,1.64,7.53,2.38,97,NA,89.7,7.4,NA,303,65.1982378854625,25.1101321585903,9.69162995594714,86.4864864864865,0.675675675675676,12.8378378378378,36.9565217391304,60.8695652173913,2.17391304347826,26.3157894736842,47.3684210526316,26.3157894736842,0,4.62046204620462,0.99009900990099,5.61056105610561,11.2211221122112,31.6831683168317,1.26582278481013,31.4647377938517,30.5605786618445,30.0180831826401,6.69077757685353,100,0,0,0,6,0,0,0,0,0,56,62,8.63309352517986,16.5467625899281,13.6690647482014,39.568345323741,18.705035971223,2.87769784172662,1.555,64.0287769784173,35.9712230215827,14.3884892086331,26.6187050359712,46.0431654676259,12.9496402877698,97,89.6,NA,NA,-7.60000000000001,0.200000000000003,NA,NA,0.200000000000003,NA,0.200000000000003
"8","RB-07","TG-27",97.7,48.28,48.54,48.38,48.14,48,48.35,48.34,48.31,48.27,48.01,48.262,18.13,16.08,15.39,23.03,20.63,3.07,2.21,28.47,15.29,30.03,14.74,1.56,10.58,1.93,97,NA,89.7,7.4,NA,300,64.1255605381166,27.8026905829596,8.07174887892377,89.5104895104895,0,10.4895104895105,48,46,6,5.55555555555556,66.6666666666667,16.6666666666667,11.1111111111111,9.33333333333333,1,3,13.3333333333333,29.6666666666667,0.666666666666667,35.5,34.5,23.1666666666667,6.16666666666667,100,0,0,36,11,0,2,0,0,0,0,49,9.15492957746479,23.2394366197183,30.9859154929577,27.4647887323944,7.74647887323944,1.40845070422535,1.422,67.1428571428571,32.8571428571429,14.8148148148148,15.5555555555556,49.6296296296296,20,97,89.6,NA,NA,-8.10000000000001,0.700000000000003,NA,NA,0.700000000000003,NA,0.700000000000003
"9","RB-08","TG-27",98.3,39.79,40.02,39.8,39.68,39.82,39.68,39.92,39.88,39.67,39.84,39.81,17.13,15.33,NA,23.83,24.23,2.45,1.66,29.42,18.39,29.74,11.35,0.32,2.82,2.59,97,NA,89.7,7.4,NA,NA,NA,NA,NA,NA,NA,NA,NA,NA,NA,NA,NA,NA,NA,NA,NA,NA,NA,NA,NA,NA,NA,NA,NA,NA,NA,NA,NA,NA,NA,NA,NA,NA,NA,NA,NA,NA,NA,NA,NA,NA,NA,NA,NA,NA,NA,NA,NA,NA,97,89.6,NA,NA,-8.7,1.3,NA,NA,1.3,NA,1.3
"10","RB-09","TG-27",98.55,47.79,47.75,47.87,47.4,47.54,47.77,47.73,47.07,47.53,47.73,47.618,18.58,14.13,16.08,18.73,17.33,3.15,2.64,27.92,16.25,28.58,12.33,0.66,5.35,2.26,97,NA,89.7,7.4,NA,NA,NA,NA,NA,NA,NA,NA,NA,NA,NA,NA,NA,NA,NA,NA,NA,NA,NA,NA,NA,NA,NA,NA,NA,NA,NA,NA,NA,NA,NA,NA,NA,NA,NA,NA,NA,NA,NA,NA,NA,NA,NA,NA,NA,NA,NA,NA,NA,NA,97,89.6,NA,NA,-8.95,1.55,NA,NA,1.55,NA,1.55
"11","RB-10","TG-27",99,52.47,51.84,52.36,52.15,52.23,51.95,51.98,51.92,52.45,52.35,52.17,8.33,16.43,17.43,24.23,26.63,3.08,2.05,29.69,19.55,31.67,12.12,1.98,16.34,2.45,97,NA,89.7,7.4,NA,NA,NA,NA,NA,NA,NA,NA,NA,NA,NA,NA,NA,NA,NA,NA,NA,NA,NA,NA,NA,NA,NA,NA,NA,NA,NA,NA,NA,NA,NA,NA,NA,NA,NA,NA,NA,NA,NA,NA,NA,NA,NA,NA,NA,NA,NA,NA,NA,NA,97,89.6,NA,NA,-9.40000000000001,2,NA,NA,2,NA,2
"12","RB-11","TG-100",223,44.78,44.73,44.82,44.88,45.62,44.86,44.95,44.82,44.79,44.68,44.893,9.43,9.23,NA,11.23,11.68,4.81,3.92,44.35,23.19,44.76,21.57,0.41,1.9,2.06,222.9,NA,NA,125,NA,303,56.5957446808511,36.5957446808511,6.80851063829787,91.7293233082707,2.25563909774436,6.01503759398496,39.5061728395062,53.0864197530864,7.40740740740741,0,62.5,37.5,0,3.63036303630363,0,0.33003300330033,3.96039603960396,15.1815181518152,0,15.9122085048011,17.5582990397805,44.8559670781893,21.6735253772291,100,0,24,0,7,0,0,1,2,0,0,34,3.75,9.375,32.5,46.25,8.125,0,0.926,66.9014084507042,33.0985915492958,13.5483870967742,19.3548387096774,45.8064516129032,21.2903225806452,222.9,97.9,NA,NA,-125.1,0.0999999999999943,NA,NA,0.0999999999999943,NA,0.0999999999999943
"13","RB-12","TG-100",223.5,51.78,51.72,51.89,51.72,51.76,51.99,51.81,52.22,51.68,52.03,51.86,14.03,14.13,NA,20.43,20.33,3.68,2.54,45.48,23.8,46.23,22.43,0.75,3.34,2.03,222.9,NA,NA,125,NA,NA,NA,NA,NA,NA,NA,NA,NA,NA,NA,NA,NA,NA,NA,NA,NA,NA,NA,NA,NA,NA,NA,NA,NA,NA,NA,NA,NA,NA,NA,NA,NA,NA,NA,NA,NA,NA,NA,NA,NA,NA,NA,NA,NA,NA,NA,NA,NA,NA,222.9,97.9,NA,NA,-125.6,0.599999999999994,NA,NA,0.599999999999994,NA,0.599999999999994
"14","RB-13","TG-100",224.5,47.66,47.47,47.1,46.98,47.03,47.21,47.19,47.8,47.61,47.08,47.313,15.03,14.53,NA,19.33,18.73,3.2,2.49,37.28,22.97,39.7,16.73,2.42,14.47,2.23,222.9,NA,NA,125,NA,304,72.8395061728395,20.9876543209877,6.17283950617284,85.3107344632768,2.25988700564972,12.4293785310734,40,57.5,2.5,13.3333333333333,53.3333333333333,33.3333333333333,0,14.1447368421053,0.657894736842105,2.96052631578947,17.7631578947368,24.0131578947368,0,22.0125786163522,29.1404612159329,40.251572327044,8.59538784067086,100,0,0,0,19,0,0,0,0,0,0,19,3.26797385620915,32.0261437908497,41.8300653594771,16.3398692810458,6.5359477124183,0,0.984,66.8965517241379,33.1034482758621,8.27586206896552,28.2758620689655,47.5862068965517,15.8620689655172,222.9,97.9,NA,NA,-126.6,1.59999999999999,NA,NA,1.59999999999999,NA,1.59999999999999
"15","RB-14","TG-100",228.5,50.44,50.11,50.38,50.62,50.22,49.98,50.52,49.89,50.55,50.11,50.282,14.63,16.63,14.33,17.63,17.33,3.47,2.88,42.09,26.73,43.75,17.02,1.66,9.75,2.47,222.9,NA,NA,125,NA,NA,NA,NA,NA,NA,NA,NA,NA,NA,NA,NA,NA,NA,NA,NA,NA,NA,NA,NA,NA,NA,NA,NA,NA,NA,NA,NA,NA,NA,NA,NA,NA,NA,NA,NA,NA,NA,NA,NA,NA,NA,NA,NA,NA,NA,NA,NA,NA,NA,222.9,97.9,NA,NA,-130.6,5.59999999999999,NA,NA,5.59999999999999,NA,5.59999999999999
"16","RB-15","TG-100",232.4,39.59,39.46,39.21,39.46,39.45,39.41,39.05,39.5,39.42,39.63,39.418,14.23,12.53,NA,17.83,18.13,2.95,2.19,34.3,18.54,35.33,16.79,1.03,6.13,2.04,222.9,NA,NA,125,NA,NA,NA,NA,NA,NA,NA,NA,NA,NA,NA,NA,NA,NA,NA,NA,NA,NA,NA,NA,NA,NA,NA,NA,NA,NA,NA,NA,NA,NA,NA,NA,NA,NA,NA,NA,NA,NA,NA,NA,NA,NA,NA,NA,NA,NA,NA,NA,NA,NA,222.9,97.9,NA,NA,-134.5,9.5,NA,NA,9.5,NA,9.5
"17","RB-16","TG-100",236.4,50.84,50.63,50.9,50.86,50.72,51.33,51.27,51.19,50.88,51.14,50.976,16.73,16.13,NA,19.53,20.98,3.1,2.52,43.97,26.1,45.3,19.2,1.33,6.93,2.29,222.9,NA,NA,125,NA,NA,NA,NA,NA,NA,NA,NA,NA,NA,NA,NA,NA,NA,NA,NA,NA,NA,NA,NA,NA,NA,NA,NA,NA,NA,NA,NA,NA,NA,NA,NA,NA,NA,NA,NA,NA,NA,NA,NA,NA,NA,NA,NA,NA,NA,NA,NA,NA,NA,222.9,97.9,NA,NA,-138.5,13.5,NA,NA,13.5,NA,13.5
"18","RB-17","TG-100",240.4,41.66,40.27,41.99,41.88,42.07,42.09,41.89,41.51,41.95,41.66,41.697,15.43,12.73,NA,17.63,18.33,2.96,2.32,30.63,16.71,32.16,15.45,1.53,9.9,1.98,222.9,NA,NA,125,NA,NA,NA,NA,NA,NA,NA,NA,NA,NA,NA,NA,NA,NA,NA,NA,NA,NA,NA,NA,NA,NA,NA,NA,NA,NA,NA,NA,NA,NA,NA,NA,NA,NA,NA,NA,NA,NA,NA,NA,NA,NA,NA,NA,NA,NA,NA,NA,NA,NA,222.9,97.9,NA,NA,-142.5,17.5,NA,NA,17.5,NA,17.5
"19","RB-18","TG-100",246.25,47.34,47.2,47.64,47.25,47.01,47.43,47.4,47.11,47.08,47.52,47.298,14.98,14.63,NA,22.23,24.03,3.19,2.04,39.8,23.05,41.89,18.84,2.09,11.09,2.11,222.9,NA,NA,125,NA,NA,NA,NA,NA,NA,NA,NA,NA,NA,NA,NA,NA,NA,NA,NA,NA,NA,NA,NA,NA,NA,NA,NA,NA,NA,NA,NA,NA,NA,NA,NA,NA,NA,NA,NA,NA,NA,NA,NA,NA,NA,NA,NA,NA,NA,NA,NA,NA,NA,222.9,97.9,NA,NA,-148.35,23.35,NA,NA,23.35,NA,23.35
"20","RB-19","TG-100",252.6,30.77,30.51,29.92,29.11,29.67,30.85,29.93,30.04,30.74,30.84,30.238,8.93,9.55,NA,13.13,12.63,3.27,2.35,27.88,15.55,29.37,13.82,1.49,10.78,2.02,222.9,NA,NA,125,NA,NA,NA,NA,NA,NA,NA,NA,NA,NA,NA,NA,NA,NA,NA,NA,NA,NA,NA,NA,NA,NA,NA,NA,NA,NA,NA,NA,NA,NA,NA,NA,NA,NA,NA,NA,NA,NA,NA,NA,NA,NA,NA,NA,NA,NA,NA,NA,NA,NA,222.9,97.9,NA,NA,-154.7,29.7,NA,NA,29.7,NA,29.7
"21","RB-20","TG-100",259.5,48.92,48.57,48.72,49.08,48.9,48.75,48.83,48.82,49.14,48.99,48.872,12.68,12.63,NA,17.43,15.53,3.86,2.97,58.79,35.9,62.06,26.16,3.27,12.5,2.25,222.9,NA,NA,125,NA,300,68.9655172413793,22.8448275862069,8.18965517241379,92.5,0.625,6.875,42.5531914893617,57.4468085106383,0,0,68.4210526315789,21.0526315789474,10.5263157894737,14.3333333333333,1.33333333333333,2.33333333333333,18,26.3333333333333,0.248447204968944,23.6024844720497,36.5217391304348,29.5652173913043,10.0621118012422,100,0,0,19,5,0,0,0,1,0,0,25,2.7972027972028,15.3846153846154,13.2867132867133,31.4685314685315,32.8671328671329,4.1958041958042,1.274,61.7647058823529,38.2352941176471,6.61764705882353,18.3823529411765,36.0294117647059,38.9705882352941,222.9,97.9,NA,NA,-161.6,36.6,NA,NA,36.6,NA,36.6
"22","RB-21","TG-100",268.5,33.7,33.34,33.38,33.95,33.65,33.03,33.11,33.08,33.48,33.84,33.456,10.73,9.93,NA,14.93,14.63,3.24,2.26,30.18,17.39,30.83,13.44,0.65,4.84,2.25,222.9,NA,NA,125,NA,204,67.8571428571429,24.6031746031746,7.53968253968254,93.5672514619883,0,6.4327485380117,49.0909090909091,43.6363636363636,7.27272727272727,13.3333333333333,66.6666666666667,13.3333333333333,6.66666666666667,12,1.33333333333333,3.33333333333333,16.6666666666667,22.3333333333333,0.13869625520111,17.6144244105409,38.1414701803051,34.6740638002774,9.43134535367545,100,0,0,0,16,0,0,0,1,0,0,17,9.61538461538461,29.4871794871795,30.7692307692308,28.2051282051282,1.92307692307692,0,1.297,73.3812949640288,26.6187050359712,8.63309352517986,19.4244604316547,51.0791366906475,20.863309352518,222.9,97.9,NA,NA,-170.6,45.6,NA,NA,45.6,NA,45.6
"23","RB-22","TG-100",277.95,38.07,38.12,37.93,38.05,37.97,38.13,38.17,38.04,37.75,38.03,38.026,12.78,12.13,NA,17.13,17.03,3.05,2.23,34.21,22.51,34.55,12.04,0.34,2.82,2.84,222.9,NA,NA,125,NA,NA,NA,NA,NA,NA,NA,NA,NA,NA,NA,NA,NA,NA,NA,NA,NA,NA,NA,NA,NA,NA,NA,NA,NA,NA,NA,NA,NA,NA,NA,NA,NA,NA,NA,NA,NA,NA,NA,NA,NA,NA,NA,NA,NA,NA,NA,NA,NA,NA,222.9,97.9,NA,NA,-180.05,55.05,NA,NA,55.05,NA,55.05
"24","RB-23","TG-100",286.7,46.93,46.92,46.85,46.88,46.79,46.44,46.63,46.52,46.72,46.89,46.757,16.03,14.88,NA,17.03,17.23,3.03,2.73,35.85,22.99,36.56,13.57,0.71,5.23,2.64,222.9,NA,NA,125,NA,NA,NA,NA,NA,NA,NA,NA,NA,NA,NA,NA,NA,NA,NA,NA,NA,NA,NA,NA,NA,NA,NA,NA,NA,NA,NA,NA,NA,NA,NA,NA,NA,NA,NA,NA,NA,NA,NA,NA,NA,NA,NA,NA,NA,NA,NA,NA,NA,NA,222.9,97.9,NA,NA,-188.8,63.8,NA,NA,63.8,NA,63.8
"25","RB-24","TG-100",297.8,48.63,49.11,48.4,48.74,49.17,49.09,48.82,48.6,47.81,48.83,48.72,15.23,15.43,NA,24.43,22.23,3.18,2.09,43.05,25.72,43.97,18.25,0.92,5.04,2.36,222.9,NA,NA,125,NA,NA,NA,NA,NA,NA,NA,NA,NA,NA,NA,NA,NA,NA,NA,NA,NA,NA,NA,NA,NA,NA,NA,NA,NA,NA,NA,NA,NA,NA,NA,NA,NA,NA,NA,NA,NA,NA,NA,NA,NA,NA,NA,NA,NA,NA,NA,NA,NA,NA,222.9,97.9,NA,NA,-199.9,74.9,NA,NA,74.9,NA,74.9
"26","RB-25","TG-100",305.1,39.34,39.56,39.42,39.79,39.51,39.42,39.77,39.88,39.78,39.61,39.608,13.68,11.73,12.13,18.33,16.33,3.32,2.29,35.74,21.95,37.53,15.58,1.79,11.49,2.29,222.9,NA,NA,125,NA,NA,NA,NA,NA,NA,NA,NA,NA,NA,NA,NA,NA,NA,NA,NA,NA,NA,NA,NA,NA,NA,NA,NA,NA,NA,NA,NA,NA,NA,NA,NA,NA,NA,NA,NA,NA,NA,NA,NA,NA,NA,NA,NA,NA,NA,NA,NA,NA,NA,222.9,97.9,NA,NA,-207.2,82.2,NA,NA,82.2,NA,82.2
"27","RB-26","TG-100",312.8,50.64,50.28,50.57,50.23,50.24,50.43,50.3,50.25,50.15,50.21,50.33,17.13,16.33,NA,20.03,17.03,3.01,2.72,38.88,23.63,40.38,16.75,1.5,8.96,2.32,222.9,NA,NA,125,NA,NA,NA,NA,NA,NA,NA,NA,NA,NA,NA,NA,NA,NA,NA,NA,NA,NA,NA,NA,NA,NA,NA,NA,NA,NA,NA,NA,NA,NA,NA,NA,NA,NA,NA,NA,NA,NA,NA,NA,NA,NA,NA,NA,NA,NA,NA,NA,NA,NA,222.9,97.9,NA,NA,-214.9,89.9,NA,NA,89.9,NA,89.9
"28","RB-27","TG-100",316.85,49.58,48.64,49.72,48.68,48.65,49.09,49.39,49.25,49.01,49.07,49.108,16.83,16.18,NA,24.03,24.83,2.98,2.01,37.82,21.27,38.67,17.4,0.85,4.89,2.17,229.9,NA,NA,125,NA,NA,NA,NA,NA,NA,NA,NA,NA,NA,NA,NA,NA,NA,NA,NA,NA,NA,NA,NA,NA,NA,NA,NA,NA,NA,NA,NA,NA,NA,NA,NA,NA,NA,NA,NA,NA,NA,NA,NA,NA,NA,NA,NA,NA,NA,NA,NA,NA,NA,229.9,104.9,NA,NA,-211.95,86.95,NA,NA,86.95,NA,86.95
"29","RB-28","TG-179",286.35,51.5,51.46,51.54,51.27,51.26,51.04,51.68,51.12,51.37,51.41,51.365,21.53,17.93,16.45,23.32,23.23,2.99,2.21,44.79,28.27,47.93,19.66,3.14,15.97,2.28,236.95,280,275.1,66.93,4.75,NA,NA,NA,NA,NA,NA,NA,NA,NA,NA,NA,NA,NA,NA,NA,NA,NA,NA,NA,NA,NA,NA,NA,NA,NA,NA,NA,NA,NA,NA,NA,NA,NA,NA,NA,NA,NA,NA,NA,NA,NA,NA,NA,NA,NA,NA,NA,NA,NA,236.95,170.02,280,275.25,-116.33,49.4,-11.1,6.35000000000002,49.4,6.35000000000002,6.35000000000002
"30","RB-29","TG-179",284.35,48.63,49.03,48.83,48.47,48.91,48.81,48.75,48.7,48.74,48.96,48.783,16.48,15.73,NA,20.23,20.63,3.03,2.39,44.6,24.81,47.2,22.39,2.6,11.61,1.99,236.95,280,275.1,66.93,4.75,NA,NA,NA,NA,NA,NA,NA,NA,NA,NA,NA,NA,NA,NA,NA,NA,NA,NA,NA,NA,NA,NA,NA,NA,NA,NA,NA,NA,NA,NA,NA,NA,NA,NA,NA,NA,NA,NA,NA,NA,NA,NA,NA,NA,NA,NA,NA,NA,NA,236.95,170.02,280,275.25,-114.33,47.4,-9.10000000000002,4.35000000000002,47.4,4.35000000000002,4.35000000000002
"31","RB-30","TG-179",281.9,51.34,51.61,51.47,51.91,51.37,51.35,51.28,51.35,51.19,51.5,51.437,17.23,15.28,15.68,19.73,19.43,3.32,2.63,51.85,28.71,54.54,25.83,2.69,10.41,2.01,236.95,280,275.1,66.93,4.75,NA,NA,NA,NA,NA,NA,NA,NA,NA,NA,NA,NA,NA,NA,NA,NA,NA,NA,NA,NA,NA,NA,NA,NA,NA,NA,NA,NA,NA,NA,NA,NA,NA,NA,NA,NA,NA,NA,NA,NA,NA,NA,NA,NA,NA,NA,NA,NA,NA,236.95,170.02,280,275.25,-111.88,44.95,-6.64999999999998,1.89999999999998,44.95,1.89999999999998,1.89999999999998
"32","RB-31","TG-179",281,44.36,44.4,43.72,44.18,44.22,44.44,44.03,44.42,44.22,44.3,44.229,13.88,14.08,NA,18.43,19.93,3.16,2.31,40.12,20.11,40.22,20.11,0.1,0.5,2,236.95,280,275.1,66.93,4.75,NA,NA,NA,NA,NA,NA,NA,NA,NA,NA,NA,NA,NA,NA,NA,NA,NA,NA,NA,NA,NA,NA,NA,NA,NA,NA,NA,NA,NA,NA,NA,NA,NA,NA,NA,NA,NA,NA,NA,NA,NA,NA,NA,NA,NA,NA,NA,NA,NA,236.95,170.02,280,275.25,-110.98,44.05,-5.75,1,44.05,1,1
"33","RB-32","TG-179",280.1,47.1,47.23,47.22,47.42,47.28,47.13,46.84,46.56,46.48,46.6,46.986,11.18,11.31,NA,13.33,13.23,4.18,3.54,48.15,28.25,48.14,19.89,-0.01,0,2.42,236.95,280,275.1,66.93,4.75,NA,NA,NA,NA,NA,NA,NA,NA,NA,NA,NA,NA,NA,NA,NA,NA,NA,NA,NA,NA,NA,NA,NA,NA,NA,NA,NA,NA,NA,NA,NA,NA,NA,NA,NA,NA,NA,NA,NA,NA,NA,NA,NA,NA,NA,NA,NA,NA,NA,236.95,170.02,280,275.25,-110.08,43.15,-4.85000000000002,0.100000000000023,43.15,0.100000000000023,0.100000000000023
"34","RB-33","TG-179",275.15,48.94,48.74,48.61,48.59,48.6,49.02,48.87,49.07,48.63,48.72,48.779,10.23,10.11,NA,14.63,14.73,4.8,3.32,47.64,30.31,47.42,17.11,-0.22,0,2.78,236.95,280,275.1,66.93,4.75,204,66.260162601626,21.9512195121951,11.7886178861789,84.0490797546012,3.06748466257669,12.8834355828221,19.1489361702128,70.2127659574468,10.6382978723404,3.84615384615385,73.0769230769231,15.3846153846154,7.69230769230769,0.666666666666667,0.666666666666667,0,1.33333333333333,21.3333333333333,0.609756097560976,32.4390243902439,36.8292682926829,25.7317073170732,4.39024390243902,100,0,0,0,0,0,0,60,0,0,0,60,16.8831168831169,27.2727272727273,11.038961038961,14.9350649350649,29.8701298701299,0,1.923,72.992700729927,27.007299270073,9.2436974789916,13.4453781512605,44.5378151260504,32.7731092436975,236.95,170.02,280,275.25,-105.13,38.2,0.100000000000023,-4.85000000000002,38.2,0.100000000000023,0.100000000000023
"35","RB-34","TG-179",274.5,47.71,47.51,47.61,47.72,47.64,47.93,47.9,47.68,47.42,47.51,47.663,13.23,12.83,NA,15.33,15.93,3.66,3.05,42.41,27.4,44.58,17.18,2.17,12.63,2.47,236.95,280,275.1,66.93,4.75,204,66.3865546218487,23.9495798319328,9.66386554621849,94.9367088607595,0,5.06329113924051,43.1372549019608,50.9803921568627,5.88235294117647,9.09090909090909,59.0909090909091,27.2727272727273,4.54545454545455,14.6579804560261,0.325732899022801,1.62866449511401,16.6123778501629,27.6872964169381,0,25.207100591716,41.7751479289941,29.3491124260355,3.66863905325444,100,1,0,29,4,0,0,0,0,0,0,34,8.16326530612245,24.4897959183673,17.0068027210884,21.0884353741497,27.891156462585,1.36054421768707,1.607,67.3469387755102,32.6530612244898,7.80141843971631,26.241134751773,38.2978723404255,27.6595744680851,236.95,170.02,280,275.25,-104.48,37.55,0.75,-5.5,37.55,0.75,0.75
"36","RB-35","TG-179",273.7,46.34,46.07,46.9,46.29,46.25,46.42,46.57,46.22,46.16,45.96,46.318,20.63,15.93,15.93,21.13,20.53,2.91,2.22,42.75,26.66,44.51,17.85,1.76,9.86,2.39,236.95,280,275.1,66.93,4.75,NA,NA,NA,NA,NA,NA,NA,NA,NA,NA,NA,NA,NA,NA,NA,NA,NA,NA,NA,NA,NA,NA,NA,NA,NA,NA,NA,NA,NA,NA,NA,NA,NA,NA,NA,NA,NA,NA,NA,NA,NA,NA,NA,NA,NA,NA,NA,NA,NA,236.95,170.02,280,275.25,-103.68,36.75,1.55000000000001,-6.30000000000001,36.75,1.55000000000001,1.55000000000001
"37","RB-36","TG-179",272.3,45.93,46.2,46.04,46.11,46.01,45.96,45.74,45.68,45.63,46.06,45.936,19.03,16.68,15.88,18.33,20.58,2.82,2.36,42.2,22.18,44.38,22.2,2.18,9.82,1.9,236.95,280,275.1,66.93,4.75,NA,NA,NA,NA,NA,NA,NA,NA,NA,NA,NA,NA,NA,NA,NA,NA,NA,NA,NA,NA,NA,NA,NA,NA,NA,NA,NA,NA,NA,NA,NA,NA,NA,NA,NA,NA,NA,NA,NA,NA,NA,NA,NA,NA,NA,NA,NA,NA,NA,236.95,170.02,280,275.25,-102.28,35.35,2.94999999999999,-7.69999999999999,35.35,2.94999999999999,2.94999999999999
"38","RB-37","TG-179",268.1,48.55,49.23,48.63,48.58,48.67,49.08,49.26,48.25,49.27,48.33,48.785,20.93,15.63,16.38,23.03,20.43,3.05,2.24,44.13,27.47,46.27,18.8,2.14,11.38,2.35,236.95,280,275.1,66.93,4.75,NA,NA,NA,NA,NA,NA,NA,NA,NA,NA,NA,NA,NA,NA,NA,NA,NA,NA,NA,NA,NA,NA,NA,NA,NA,NA,NA,NA,NA,NA,NA,NA,NA,NA,NA,NA,NA,NA,NA,NA,NA,NA,NA,NA,NA,NA,NA,NA,NA,236.95,170.02,280,275.25,-98.08,31.15,7.14999999999998,-11.9,31.15,7.14999999999998,7.14999999999998
"39","RB-38","TG-179",265.2,49.99,49.8,49.86,49.43,49.47,49.37,49.68,49.48,49.66,49.91,49.665,17.23,15.98,NA,18.13,20.03,2.99,2.6,45.15,27.11,46.24,19.13,1.09,5.7,2.36,236.95,280,275.1,66.93,4.75,NA,NA,NA,NA,NA,NA,NA,NA,NA,NA,NA,NA,NA,NA,NA,NA,NA,NA,NA,NA,NA,NA,NA,NA,NA,NA,NA,NA,NA,NA,NA,NA,NA,NA,NA,NA,NA,NA,NA,NA,NA,NA,NA,NA,NA,NA,NA,NA,NA,236.95,170.02,280,275.25,-95.18,28.25,10.05,-14.8,28.25,10.05,10.05
"40","RB-39","TG-179",262.6,50.6,50.65,50.48,50.85,50.57,50.52,50.99,50.83,51.28,50.74,50.751,21.23,15.68,16.03,17.83,19.73,3.2,2.7,41.98,24.38,43.33,18.95,1.35,7.12,2.22,236.95,280,275.1,66.93,4.75,NA,NA,NA,NA,NA,NA,NA,NA,NA,NA,NA,NA,NA,NA,NA,NA,NA,NA,NA,NA,NA,NA,NA,NA,NA,NA,NA,NA,NA,NA,NA,NA,NA,NA,NA,NA,NA,NA,NA,NA,NA,NA,NA,NA,NA,NA,NA,NA,NA,236.95,170.02,280,275.25,-92.58,25.65,12.65,-17.4,25.65,12.65,12.65
"41","RB-40","TG-179",258.1,49.1,49.49,50.56,50.79,50.9,50.57,50.31,49.3,49.35,49.03,49.94,20.23,16.43,16.58,20.93,21.68,2.71,2.34,45.55,27.6,48.67,21.07,3.12,14.81,2.16,236.95,280,275.1,66.93,4.75,NA,NA,NA,NA,NA,NA,NA,NA,NA,NA,NA,NA,NA,NA,NA,NA,NA,NA,NA,NA,NA,NA,NA,NA,NA,NA,NA,NA,NA,NA,NA,NA,NA,NA,NA,NA,NA,NA,NA,NA,NA,NA,NA,NA,NA,NA,NA,NA,NA,236.95,170.02,280,275.25,-88.08,21.15,17.15,-21.9,21.15,17.15,17.15
"42","RB-41","TG-179",253.2,49.97,50.46,50.4,49.94,50.12,49.94,49.97,50.04,50,50.41,50.125,15.33,14.48,NA,17.78,18.28,3.36,2.78,42.67,24.1,45.16,21.06,2.49,11.82,2.03,236.95,280,275.1,66.93,4.75,NA,NA,NA,NA,NA,NA,NA,NA,NA,NA,NA,NA,NA,NA,NA,NA,NA,NA,NA,NA,NA,NA,NA,NA,NA,NA,NA,NA,NA,NA,NA,NA,NA,NA,NA,NA,NA,NA,NA,NA,NA,NA,NA,NA,NA,NA,NA,NA,NA,236.95,170.02,280,275.25,-83.18,16.25,22.05,-26.8,16.25,22.05,16.25
"43","RB-42","TG-179",250.2,48.64,48.62,48.47,48.73,48.45,48.47,48.39,48.64,48.51,48.49,48.541,16.63,14.83,NA,18.13,18.53,3.09,2.65,42.82,26.85,44.75,17.9,1.93,10.78,2.39,236.95,280,275.1,66.93,4.75,NA,NA,NA,NA,NA,NA,NA,NA,NA,NA,NA,NA,NA,NA,NA,NA,NA,NA,NA,NA,NA,NA,NA,NA,NA,NA,NA,NA,NA,NA,NA,NA,NA,NA,NA,NA,NA,NA,NA,NA,NA,NA,NA,NA,NA,NA,NA,NA,NA,236.95,170.02,280,275.25,-80.18,13.25,25.05,-29.8,13.25,25.05,13.25
"44","RB-43","TG-179",247.05,45.87,46,46.24,46.58,45.91,46.06,46.09,46.32,45.85,46.02,46.094,15.73,14.08,NA,16.53,17.93,3.09,2.68,38.5,27.26,40.04,12.78,1.54,12.05,3.01,236.95,280,275.1,66.93,4.75,NA,NA,NA,NA,NA,NA,NA,NA,NA,NA,NA,NA,NA,NA,NA,NA,NA,NA,NA,NA,NA,NA,NA,NA,NA,NA,NA,NA,NA,NA,NA,NA,NA,NA,NA,NA,NA,NA,NA,NA,NA,NA,NA,NA,NA,NA,NA,NA,NA,236.95,170.02,280,275.25,-77.03,10.1,28.2,-32.95,10.1,28.2,10.1
"45","RB-44","TG-179",242.45,44.52,44.91,44.68,44.7,44.51,44.63,44.46,44.61,44.55,44.91,44.648,14.03,12.48,NA,16.03,15.73,3.37,2.81,36.38,19.78,38.49,18.71,2.11,11.28,1.94,236.95,280,275.1,66.93,4.75,NA,NA,NA,NA,NA,NA,NA,NA,NA,NA,NA,NA,NA,NA,NA,NA,NA,NA,NA,NA,NA,NA,NA,NA,NA,NA,NA,NA,NA,NA,NA,NA,NA,NA,NA,NA,NA,NA,NA,NA,NA,NA,NA,NA,NA,NA,NA,NA,NA,236.95,170.02,280,275.25,-72.43,5.5,32.8,-37.55,5.5,32.8,5.5
"46","RB-45","TG-179",241.25,46.62,46.11,46.04,46.05,46.24,45.25,46.12,46.21,45.81,46.14,46.059,15.63,13.93,NA,19.63,19.03,3.12,2.38,40.37,25.07,43.53,18.46,3.16,17.12,2.19,236.95,280,275.1,66.93,4.75,300,68.75,23.75,7.5,92.1212121212121,0,7.87878787878788,44.8979591836735,44.8979591836735,10.2040816326531,6.66666666666667,66.6666666666667,20,6.66666666666667,10.2310231023102,0.66006600660066,3.3003300330033,14.1914191419142,25.7425742574257,0.14792899408284,17.4556213017751,44.3786982248521,36.6863905325444,1.33136094674556,100,6,0,22,5,0,0,0,0,2,0,35,3.28947368421053,29.6052631578947,42.7631578947368,15.7894736842105,8.55263157894737,0,1.03,72.1428571428571,27.8571428571429,5,16.4285714285714,56.4285714285714,22.1428571428571,236.95,170.02,280,275.25,-71.23,4.30000000000001,34,-38.75,4.30000000000001,34,4.30000000000001
"47","RB-46","TG-179",237.2,47.39,47.72,47.81,47.49,47.3,47.75,47.23,47.62,47.77,47.88,47.596,10.53,10.39,NA,14.33,14.93,4.55,3.25,43.54,21.79,43.38,21.59,-0.16,-0.74,2.02,236.95,280,275.1,66.93,4.75,303,64.7727272727273,24.2424242424242,10.9848484848485,85.3801169590643,0,14.6198830409357,51.7857142857143,44.6428571428571,3.57142857142857,6.89655172413793,48.2758620689655,41.3793103448276,3.44827586206897,2.31023102310231,0,4.62046204620462,6.93069306930693,19.8019801980198,0,13.0026809651475,48.7935656836461,32.7077747989276,5.49597855227882,100,0,1,35,3,0,0,0,0,0,0,39,4.51612903225806,22.5806451612903,32.258064516129,30.3225806451613,10.3225806451613,0,1.102,65.5844155844156,34.4155844155844,6.49350649350649,23.3766233766234,48.0519480519481,22.0779220779221,236.95,170.02,280,275.25,-67.18,0.25,38.05,-42.8,0.25,38.05,0.25
"48","RB-47","TG-227",298.15,50.18,49.14,49.52,49.46,49.6,49.8,49.24,49.28,49.13,49.29,49.464,18.63,13.93,14.11,19.43,18.13,3.53,2.63,42.1,23.62,43.3,19.68,1.2,6.1,2.14,298.1,NA,NA,14.65,NA,NA,NA,NA,NA,NA,NA,NA,NA,NA,NA,NA,NA,NA,NA,NA,NA,NA,NA,NA,NA,NA,NA,NA,NA,NA,NA,NA,NA,NA,NA,NA,NA,NA,NA,NA,NA,NA,NA,NA,NA,NA,NA,NA,NA,NA,NA,NA,NA,NA,298.1,283.45,NA,NA,-14.6999999999999,0.0499999999999545,NA,NA,0.0499999999999545,NA,0.0499999999999545
"49","RB-48","TG-227",298.4,46.13,46.03,46.17,46.27,45.94,45.95,46.28,45.91,46.28,46.39,46.135,10.03,10.09,NA,14.63,14.83,4.59,3.13,44.24,25.74,47.33,21.59,3.09,14.31,2.05,298.1,NA,NA,14.65,NA,300,66.2222222222222,27.5555555555556,6.22222222222222,97.3154362416107,0.671140939597315,2.01342281879195,62.2641509433962,26.4150943396226,11.3207547169811,7.14285714285714,64.2857142857143,21.4285714285714,7.14285714285714,7.84313725490196,0.326797385620915,1.63398692810458,9.80392156862745,26.4705882352941,0.16366612111293,16.20294599018,46.9721767594108,34.3698854337152,2.29132569558101,100,0,24,19,8,0,0,0,0,0,0,51,4.25531914893617,45.3900709219858,24.113475177305,16.3120567375887,9.9290780141844,0,1.116,76.9230769230769,23.0769230769231,6.2015503875969,31.0077519379845,48.8372093023256,13.953488372093,298.1,283.45,NA,NA,-14.9499999999999,0.299999999999955,NA,NA,0.299999999999955,NA,0.299999999999955
"50","RB-49","TG-227",299.4,40.29,39.85,40.68,40.25,39.79,40.33,40.94,40.85,40.14,40.31,40.343,9.48,9.43,NA,15.33,14.03,4.27,2.75,38.3,22.35,39.2,16.85,0.9,5.34,2.27,298.1,NA,NA,14.65,NA,300,60.431654676259,27.6978417266187,11.8705035971223,86.9047619047619,1.19047619047619,11.9047619047619,56.8965517241379,29.3103448275862,13.7931034482759,3.125,75,15.625,6.25,7.66666666666667,1.33333333333333,1.33333333333333,10.3333333333333,17.6666666666667,0.106723585912487,11.0992529348986,41.9423692636073,41.8356456776948,5.01600853788687,100,0,3,6,12,0,1,0,0,0,0,22,7.40740740740741,33.9506172839506,17.9012345679012,20.3703703703704,19.1358024691358,1.23456790123457,1.514,69.375,30.625,6.25,25,48.75,20,298.1,283.45,NA,NA,-15.9499999999999,1.29999999999995,NA,NA,1.29999999999995,NA,1.29999999999995
"51","RB-50","TG-227",300.85,46.7,46.15,46.6,47.06,46.98,46.68,46.52,46.55,46.54,46.99,46.677,12.28,11.68,NA,15.13,16.03,3.9,3,40.06,25.02,43,17.98,2.94,16.35,2.23,298.1,NA,NA,14.65,NA,NA,NA,NA,NA,NA,NA,NA,NA,NA,NA,NA,NA,NA,NA,NA,NA,NA,NA,NA,NA,NA,NA,NA,NA,NA,NA,NA,NA,NA,NA,NA,NA,NA,NA,NA,NA,NA,NA,NA,NA,NA,NA,NA,NA,NA,NA,NA,NA,NA,298.1,283.45,NA,NA,-17.4,2.75,NA,NA,2.75,NA,2.75
"52","RB-51","TG-227",302.15,47.14,47.02,47.15,46.81,46.96,46.7,47.26,47.03,47.07,47.01,47.015,12.57,11.73,NA,13.93,13.53,3.87,3.42,42.16,26.25,44.04,17.79,1.88,10.57,2.37,298.1,NA,NA,14.65,NA,NA,NA,NA,NA,NA,NA,NA,NA,NA,NA,NA,NA,NA,NA,NA,NA,NA,NA,NA,NA,NA,NA,NA,NA,NA,NA,NA,NA,NA,NA,NA,NA,NA,NA,NA,NA,NA,NA,NA,NA,NA,NA,NA,NA,NA,NA,NA,NA,NA,298.1,283.45,NA,NA,-18.6999999999999,4.04999999999995,NA,NA,4.04999999999995,NA,4.04999999999995
"53","RB-52","TG-227",305.05,47.01,46.78,46.76,46.41,46.62,46.7,47.13,46.95,46.92,47,46.828,13.23,12.03,NA,16.63,14.83,3.71,2.98,39.3,24.74,41.03,16.29,1.73,10.62,2.41,298.1,NA,NA,14.65,NA,NA,NA,NA,NA,NA,NA,NA,NA,NA,NA,NA,NA,NA,NA,NA,NA,NA,NA,NA,NA,NA,NA,NA,NA,NA,NA,NA,NA,NA,NA,NA,NA,NA,NA,NA,NA,NA,NA,NA,NA,NA,NA,NA,NA,NA,NA,NA,NA,NA,298.1,283.45,NA,NA,-21.6,6.94999999999999,NA,NA,6.94999999999999,NA,6.94999999999999
"54","RB-53","TG-227",308.6,48.53,48.46,48.48,48.73,48.54,48.84,48.61,48.72,48.35,48.8,48.606,14.63,14.03,NA,17.13,15.73,3.39,2.96,39.73,24.69,42.62,17.93,2.89,16.12,2.22,298.1,NA,NA,14.65,NA,NA,NA,NA,NA,NA,NA,NA,NA,NA,NA,NA,NA,NA,NA,NA,NA,NA,NA,NA,NA,NA,NA,NA,NA,NA,NA,NA,NA,NA,NA,NA,NA,NA,NA,NA,NA,NA,NA,NA,NA,NA,NA,NA,NA,NA,NA,NA,NA,NA,298.1,283.45,NA,NA,-25.15,10.5,NA,NA,10.5,NA,10.5
"55","RB-54","TG-227",312.5,46.77,46.78,46.63,46.85,46.58,46.71,46.86,46.87,46.59,46.8,46.744,12.28,11.73,NA,16.53,14.33,3.89,3.03,42.27,24.89,44.25,19.36,1.98,10.23,2.18,298.1,NA,NA,14.65,NA,NA,NA,NA,NA,NA,NA,NA,NA,NA,NA,NA,NA,NA,NA,NA,NA,NA,NA,NA,NA,NA,NA,NA,NA,NA,NA,NA,NA,NA,NA,NA,NA,NA,NA,NA,NA,NA,NA,NA,NA,NA,NA,NA,NA,NA,NA,NA,NA,NA,298.1,283.45,NA,NA,-29.05,14.4,NA,NA,14.4,NA,14.4
"56","RB-55","TG-227",317.1,46.26,46.22,46.83,46.87,47.12,46.89,46.36,46.54,46.49,46.45,46.603,11.48,11.13,NA,13.63,13.73,4.12,3.41,42.23,26.27,42.16,15.89,-0.07,0,2.66,298.1,NA,NA,14.65,NA,300,62.1019108280255,21.3375796178344,16.5605095541401,64.1025641025641,0,35.8974358974359,30.3571428571429,64.2857142857143,5.35714285714286,17.3076923076923,75,7.69230769230769,0,7.64119601328904,0.332225913621262,2.6578073089701,10.6312292358804,13.953488372093,0,5.29100529100529,33.6507936507937,33.3333333333333,27.7248677248677,100,0,4,0,5,0,0,0,1,0,0,10,1.14285714285714,3.42857142857143,11.4285714285714,13.7142857142857,68,2.28571428571429,0.892,73.9884393063584,26.0115606936416,4.6242774566474,18.4971098265896,50.8670520231214,26.0115606936416,298.1,283.45,NA,NA,-33.65,19,NA,NA,19,NA,19
"57","RB-56","TG-227",319.4,47.83,47.79,47.95,47.92,48.01,47.84,47.54,47.84,47.87,47.77,47.836,11.48,10.85,NA,16.83,1.83,4.28,5.13,40.35,26.1,41.97,15.87,1.62,10.21,2.54,298.1,NA,NA,14.65,NA,NA,NA,NA,NA,NA,NA,NA,NA,NA,NA,NA,NA,NA,NA,NA,NA,NA,NA,NA,NA,NA,NA,NA,NA,NA,NA,NA,NA,NA,NA,NA,NA,NA,NA,NA,NA,NA,NA,NA,NA,NA,NA,NA,NA,NA,NA,NA,NA,NA,298.1,283.45,NA,NA,-35.9499999999999,21.3,NA,NA,21.3,NA,21.3
"58","RB-57","TG-227",325.2,41.32,41.34,41.27,41.1,41.29,41.35,41.14,41.24,41.23,41.12,41.24,11.53,10.83,NA,17.33,16.33,3.69,2.45,33.56,26.39,36.07,9.68,2.51,25.93,3.47,298.1,NA,NA,14.65,NA,NA,NA,NA,NA,NA,NA,NA,NA,NA,NA,NA,NA,NA,NA,NA,NA,NA,NA,NA,NA,NA,NA,NA,NA,NA,NA,NA,NA,NA,NA,NA,NA,NA,NA,NA,NA,NA,NA,NA,NA,NA,NA,NA,NA,NA,NA,NA,NA,NA,298.1,283.45,NA,NA,-41.7499999999999,27.1,NA,NA,27.1,NA,27.1
"59","RB-58","TG-227",331.65,47.54,47.33,47.57,47.43,47.08,47.96,47.9,47.55,47.7,47.45,47.551,12.88,12.53,NA,16.93,16.63,3.74,2.83,40.18,23.15,42.01,18.86,1.83,9.7,2.13,298.1,NA,NA,14.65,NA,NA,NA,NA,NA,NA,NA,NA,NA,NA,NA,NA,NA,NA,NA,NA,NA,NA,NA,NA,NA,NA,NA,NA,NA,NA,NA,NA,NA,NA,NA,NA,NA,NA,NA,NA,NA,NA,NA,NA,NA,NA,NA,NA,NA,NA,NA,NA,NA,NA,298.1,283.45,NA,NA,-48.1999999999999,33.55,NA,NA,33.55,NA,33.55
"60","RB-59","TG-227",335.85,47.84,48.61,48.72,48.32,48.57,47.75,48.66,48.64,48.02,48.57,48.37,13.18,13.33,NA,16.83,17.53,3.65,2.82,42.37,26.15,44.85,18.7,2.48,13.26,2.27,298.1,NA,NA,14.65,NA,NA,NA,NA,NA,NA,NA,NA,NA,NA,NA,NA,NA,NA,NA,NA,NA,NA,NA,NA,NA,NA,NA,NA,NA,NA,NA,NA,NA,NA,NA,NA,NA,NA,NA,NA,NA,NA,NA,NA,NA,NA,NA,NA,NA,NA,NA,NA,NA,NA,298.1,283.45,NA,NA,-52.4,37.75,NA,NA,37.75,NA,37.75
"61","RB-60","TG-227",340.3,47.64,47.76,47.79,47.75,47.88,47.87,47.67,47.94,47.66,47.85,47.781,14.73,13.78,NA,24.43,22.43,3.35,2.04,46.08,28.79,49.51,20.72,3.43,16.55,2.22,298.1,NA,NA,14.65,NA,204,53.9370078740158,33.8582677165354,12.2047244094488,91.970802919708,0.72992700729927,7.2992700729927,41.5384615384615,56.9230769230769,1.53846153846154,6.66666666666667,70,23.3333333333333,0,14.3333333333333,1,2.33333333333333,17.6666666666667,24.6666666666667,0,17.0629370629371,52.4475524475524,26.4335664335664,4.05594405594406,100,0,1,2,15,0,1,0,2,0,0,21,0.645161290322581,5.80645161290323,20.6451612903226,51.6129032258064,19.3548387096774,1.93548387096774,0.921,72.9166666666667,27.0833333333333,0.694444444444444,12.5,47.2222222222222,39.5833333333333,298.1,283.45,NA,NA,-56.85,42.2,NA,NA,42.2,NA,42.2
"62","RB-61","CBM-100UF",4.8,16.49,16.05,16.49,16.6,15.55,17.27,16.69,16.38,15.85,15.75,16.312,7.78,6.35,NA,NA,NA,2.31,NA,NA,NA,NA,NA,NA,NA,NA,4.7,89.7,5.9,4.8,85,NA,NA,NA,NA,NA,NA,NA,NA,NA,NA,NA,NA,NA,NA,NA,NA,NA,NA,NA,NA,NA,NA,NA,NA,NA,NA,NA,NA,NA,NA,NA,NA,NA,NA,NA,NA,NA,NA,NA,NA,NA,NA,NA,NA,NA,NA,NA,NA,NA,4.7,-0.0999999999999996,89.7,4.7,-4.9,0.0999999999999996,-0.099999999999997,-84.9,0.0999999999999996,-0.099999999999997,0.0999999999999996
"63","RB-62","CBM-100UF",5.3,43.89,43.55,43.17,43.88,43.54,43.96,43.97,43.89,43.04,43.84,43.673,27.93,23.13,NA,NA,NA,1.71,NA,NA,NA,NA,NA,NA,NA,NA,4.7,89.7,5.9,4.8,85,NA,NA,NA,NA,NA,NA,NA,NA,NA,NA,NA,NA,NA,NA,NA,NA,NA,NA,NA,NA,NA,NA,NA,NA,NA,NA,NA,NA,NA,NA,NA,NA,NA,NA,NA,NA,NA,NA,NA,NA,NA,NA,NA,NA,NA,NA,NA,NA,NA,4.7,-0.0999999999999996,89.7,4.7,-5.4,0.6,-0.599999999999997,-84.4,0.6,-0.599999999999997,0.6
"64","RB-63","CBM-100UF",5.8,34.4,35.41,35.4,34.81,34.32,33.31,33.08,33.7,34.17,34.45,34.305,19.13,16.53,16.28,NA,NA,2.09,NA,NA,NA,NA,NA,NA,NA,NA,4.7,89.7,5.9,4.8,85,321,78.2222222222222,16,5.77777777777778,96.5714285714286,0,3.42857142857143,26.3157894736842,52.6315789473684,21.0526315789474,0,84.6153846153846,15.3846153846154,0,4.04984423676012,2.18068535825545,1.24610591900312,7.47663551401869,30.5295950155763,1.32450331125828,18.3222958057395,66.0044150110375,14.3487858719647,0,100,26,5,43,0,0,0,0,0,0,0,74,2.18978102189781,5.83941605839416,28.4671532846715,32.1167883211679,31.3868613138686,0,1.061,76.1061946902655,23.8938053097345,2.65486725663717,12.3893805309735,49.5575221238938,35.3982300884956,4.7,-0.0999999999999996,89.7,4.7,-5.9,1.1,-1.1,-83.9,1.1,-1.1,1.1
"65","RB-64","CBM-100UF",89.8,51.43,51.76,51.89,51.91,52.32,52.05,52.41,52.74,52.27,51.7,52.048,10.93,10.03,NA,15.83,14.83,4.97,3.39,66.4,40.2,68.09,27.89,1.69,6.06,2.38,4.7,89.7,5.9,4.8,85,310,57.8571428571429,35,7.14285714285714,93.2098765432099,1.85185185185185,4.93827160493827,40.2777777777778,50,9.72222222222222,10,65,25,0,0,0,1.61290322580645,1.61290322580645,12.9032258064516,0,2.47524752475248,28.0940594059406,49.7524752475247,19.6782178217822,100,0,5,24,0,0,0,0,2,0,4,35,5.23255813953488,11.6279069767442,47.093023255814,34.8837209302326,1.16279069767442,0,0.875,78.1818181818182,21.8181818181818,16.969696969697,33.3333333333333,33.3333333333333,16.3636363636364,4.7,-0.0999999999999996,89.7,4.7,-89.9,85.1,-85.1,0.0999999999999943,85.1,0.0999999999999943,0.0999999999999943
"66","RB-65","CBM-100UF",90.3,34.49,34.54,33.42,32.95,31.3,31.98,33.95,34.84,35.02,33.16,33.565,8.63,8.78,NA,11.53,11.33,3.86,2.94,36.42,21.95,38.26,16.31,1.84,11.28,2.23,4.7,89.7,5.9,4.8,85,300,65.3846153846154,25.3846153846154,9.23076923076923,91.7647058823529,0.588235294117647,7.64705882352941,32.7272727272727,49.0909090909091,18.1818181818182,12.5,70.8333333333333,16.6666666666667,0,14,1,1.66666666666667,16.6666666666667,19,0.336700336700337,7.57575757575758,46.6329966329966,44.6127946127946,0.841750841750842,100,0,3,2,0,0,1,0,1,0,0,7,3.75,11.25,51.25,28.75,5,0,0.836,71.875,28.125,4.375,21.875,46.875,26.875,4.7,-0.0999999999999996,89.7,4.7,-90.4,85.6,-85.6,0.599999999999994,85.6,0.599999999999994,0.599999999999994
"67","RB-66","CBM-100UF",90.8,36.68,36.51,36.21,36.61,36.62,36.74,36.93,36.74,36.83,36.46,36.633,10.39,9.03,NA,14.33,14.83,3.77,2.51,124.57,76.74,134.28,57.54,9.71,16.88,2.16,4.7,89.7,5.9,4.8,85,NA,NA,NA,NA,NA,NA,NA,NA,NA,NA,NA,NA,NA,NA,NA,NA,NA,NA,NA,NA,NA,NA,NA,NA,NA,NA,NA,NA,NA,NA,NA,NA,NA,NA,NA,NA,NA,NA,NA,NA,NA,NA,NA,NA,NA,NA,NA,NA,NA,4.7,-0.0999999999999996,89.7,4.7,-90.9,86.1,-86.1,1.09999999999999,86.1,1.09999999999999,1.09999999999999
"68","RB-67","CBM-100UF",91.3,44.56,43.8,42.54,44.26,43.52,42.96,42.64,43.32,44.43,42.74,43.477,11.78,11.07,NA,13.73,13.33,3.81,3.21,157.28,89.95,165.7,75.75,8.42,11.12,2.08,4.7,89.7,5.9,4.8,85,NA,NA,NA,NA,NA,NA,NA,NA,NA,NA,NA,NA,NA,NA,NA,NA,NA,NA,NA,NA,NA,NA,NA,NA,NA,NA,NA,NA,NA,NA,NA,NA,NA,NA,NA,NA,NA,NA,NA,NA,NA,NA,NA,NA,NA,NA,NA,NA,NA,4.7,-0.0999999999999996,89.7,4.7,-91.4,86.6,-86.6,1.59999999999999,86.6,1.59999999999999,1.59999999999999
"69","RB-68","CBM-100UF",92,56.25,56.95,57.82,59.36,59.42,59.06,57.39,57.07,56.53,56.33,57.618,16.33,15.48,NA,18.23,18.13,3.62,3.17,185.47,112.66,198.75,86.09,13.28,15.43,2.15,4.7,89.7,5.9,4.8,85,NA,NA,NA,NA,NA,NA,NA,NA,NA,NA,NA,NA,NA,NA,NA,NA,NA,NA,NA,NA,NA,NA,NA,NA,NA,NA,NA,NA,NA,NA,NA,NA,NA,NA,NA,NA,NA,NA,NA,NA,NA,NA,NA,NA,NA,NA,NA,NA,NA,4.7,-0.0999999999999996,89.7,4.7,-92.1,87.3,-87.3,2.3,87.3,2.3,2.3
"70","RB-69","CBM-100UF",93,28.72,28.54,28.58,28.85,28.94,28.84,28.21,28.38,28.09,27.9,28.505,9.28,7.18,NA,11.53,11.43,3.46,2.48,31.3,17.36,33.55,16.19,2.25,13.9,1.93,4.7,89.7,5.9,4.8,85,305,66.2020905923345,21.9512195121951,11.8466898954704,81.0526315789474,1.57894736842105,17.3684210526316,36.8421052631579,54.3859649122807,8.7719298245614,3.03030303030303,81.8181818181818,9.09090909090909,6.06060606060606,13.7704918032787,0.327868852459016,1.63934426229508,15.7377049180328,16.7213114754098,0.307219662058372,7.68049155145929,51.6129032258064,39.3241167434716,1.0752688172043,100,0,0,0,0,0,3,0,0,0,0,3,1.16279069767442,1.16279069767442,9.30232558139535,41.8604651162791,46.5116279069767,0,0.783,68.0473372781065,31.9526627218935,3.59281437125748,8.98203592814371,56.8862275449102,30.5389221556886,4.7,-0.0999999999999996,89.7,4.7,-93.1,88.3,-88.3,3.3,88.3,3.3,3.3
"71","RB-70","CBM-100UF",94,44.29,41.78,44.02,43.1,43.33,41.2,44.18,41.27,44.31,44.45,43.193,10.73,10.09,NA,14.23,13.83,4.15,3.08,149.6,92.11,157.97,65.86,8.37,12.71,2.27,4.7,89.7,5.9,4.8,85,NA,NA,NA,NA,NA,NA,NA,NA,NA,NA,NA,NA,NA,NA,NA,NA,NA,NA,NA,NA,NA,NA,NA,NA,NA,NA,NA,NA,NA,NA,NA,NA,NA,NA,NA,NA,NA,NA,NA,NA,NA,NA,NA,NA,NA,NA,NA,NA,NA,4.7,-0.0999999999999996,89.7,4.7,-94.1,89.3,-89.3,4.3,89.3,4.3,4.3
"72","RB-71","CBM-100UF",95,34.55,34.44,34.79,35.01,35.8,36.32,36.57,35.89,35.2,34.77,35.334,8.48,8.83,NA,11.03,12.63,4.08,2.99,131.68,77.95,138.79,60.84,7.11,11.69,2.16,4.7,89.7,5.9,4.8,85,312,67.6156583629893,23.8434163701068,8.54092526690392,95.7894736842105,0,4.21052631578947,33.9285714285714,51.7857142857143,14.2857142857143,16.6666666666667,75,8.33333333333333,0,10.8974358974359,0.320512820512821,1.6025641025641,12.8205128205128,17.6282051282051,0,4.61361014994233,52.7104959630911,34.2560553633218,8.41983852364475,100,3,0,4,0,0,7,0,0,1,0,15,1.20481927710843,2.40963855421687,16.8674698795181,32.5301204819277,45.7831325301205,1.20481927710843,0.915,70.1986754966888,29.8013245033113,0.62111801242236,22.360248447205,56.5217391304348,20.4968944099379,4.7,-0.0999999999999996,89.7,4.7,-95.1,90.3,-90.3,5.3,90.3,5.3,5.3
